{"cameraMode":{"drawMode":0,"name":"Shaded","section":"Shading Mode"},"sceneLighting":true,"audioPlay":false,"sceneViewState":{"m_AlwaysRefresh":false,"showFog":true,"showSkybox":true,"showFlares":true,"showImageEffects":true,"showParticleSystems":true,"showVisualEffectGraphs":true,"m_FxEnabled":true},"in2DMode":false,"pivot":{"x":-1.4423037767410279,"y":16.76215362548828,"z":-33.71862030029297},"rotation":{"x":-0.19937603175640107,"y":-0.07430027425289154,"z":0.015156509354710579,"w":-0.9769845008850098},"size":0.8660253882408142,"orthographic":false}